;;;;;;;;Where To Find (1);;;;Where To Find (2);;;;Where To Find (3);;;;Where To Find (4);;;
Id;Tipo2;Movie;Take;Date;Viewed?;Possible Secret;Comment / Description;Keyword;Movie;Take;Date;Keyword;Movie;Take;Date;Keyword;Movie;Take;Date;Keyword;Movie;Take;Date
1;Clip;Ambrosio;-;10/02/1968;;-;Soap commercial;Clock;2OE;17C;02/05/99;Watch;2OE;17C;02/05/99;Blood;Minsky;-;21/07/70;Flower;2OE;14C;23/04/99
2;Clip;Ambrosio;-;15/04/1968;;-;Casting of one of the nuns;Penelope;Ambrosio;22A;15/10/68;Stool;Minsky;3A;11/08/70;Chair;Ambrosio;-;15/04/68;Cross;Ambrosio;3A;05/08/68
3;Clip;Ambrosio;-;15/04/1968;;-;Sofia's casting;Lighter;Minsky;41A;02/08/70;Hookah;Minsky;-;23/12/69;Feet;2OE;51A;20/07/99;Ruby;Minsky;-;31/07/70
4;Clip;Ambrosio;-;15/04/1968;;-;Marissa's casting;Stool;Minsky;3A;11/08/70;Chair;Ambrosio;-;15/04/68;Marissa Marcel;2OE;-;25/09/99;-;-;-;-
5;Secret;Ambrosio;-;15/04/1968;;-;;;;;;;;;;;;;;;;;
6;Clip;Ambrosio;-;22/04/1968;;xxx;Marissa and Robert's chemistry test;Watch;2OE;17C;02/05/99;Clock;2OE;17C;02/05/99;Kiss;2OE;-;25/09/99;Script;2OE;51D;21/07/99
7;Clip;Ambrosio;25;01/06/1968;;-;Script reading;Lighter;Minsky;41A;02/08/70;Pitcher;Ambrosio;44;01/06/68;Bath;Ambrosio;40E;20/08/68;Watering Can;2OE;55A;29/07/99
8;Secret;Ambrosio;25;01/06/1968;;-;;;;;;;;;;;;;;;;;
9;Clip;Ambrosio;33;01/06/1968;;-;Script reading;Pitcher;Ambrosio;44;01/06/68;Bath;Ambrosio;40E;20/08/68;Watering Can;2OE;55A;29/07/99;Arthur Fischer;Ambrosio;-;19/10/68
10;Clip;Ambrosio;35;01/06/1968;;-;Script reading with Diana;Glasses;Minsky;-;28/05/70;Diana Wills;Ambrosio;44;01/06/68;Pitcher;Ambrosio;44;01/06/68;Bath;Ambrosio;40E;20/08/68
11;Clip;Ambrosio;44;01/06/1968;;-;Script reading with Diana;Glasses;Minsky;-;28/05/70;Diana Wills;Ambrosio;-;19/10/68;Pitcher;Ambrosio;35;01/06/68;Bath;Ambrosio;40E;20/08/68
12;Clip;Ambrosio;-;08/06/1968;;-;Marissa's costume test;Crown;Ambrosio;62A;02/10/68;Costume Designer;Ambrosio;-;19/10/68;Book;Ambrosio;48;08/06/68;Magazines;2OE;55A;29/07/99
13;Secret;Ambrosio;-;08/06/1968;;-;;;;;;;;;;;;;;;;;
14;Clip;Ambrosio;4;08/06/1968;;-;Agnes and actress from video #2 show up;Prioress;Ambrosio;22A;15/10/68;Penelope;Ambrosio;22A;15/10/68;Jane;Ambrosio;55;09/06/68;Letter;Minsky;41A;02/08/70
15;Clip;Ambrosio;14;08/06/1968;;-;;Bowl;2OE;55A;29/07/99;Pillar;Ambrosio;41;08/06/68;Assistant Director;Ambrosio;-;19/10/68;Pot;2OE;14C;23/04/99
16;Clip;Ambrosio;28;08/06/1968;;xxx;;Assistant Director;Ambrosio;-;19/10/68;Stage Block;Ambrosio;54;09/06/68;Table;Ambrosio;14;08/06/68;Sofia Morgana;Ambrosio;-;15/04/68
17;Clip;Ambrosio;41;08/06/1968;;-;Robert, branch, lantern;Clothes;Ambrosio;48;08/06/68;Branch;Ambrosio;42A;18/10/68;Lantern;Ambrosio;54;09/06/68;Pillar;Ambrosio;14;08/06/68
18;Clip;Ambrosio;47;08/06/1968;;-;;Assistant Director;Ambrosio;-;19/10/68;Sofia Morgana;Ambrosio;2C;20/09/68;Moon;Ambrosio;41A;18/10/68;Painting;Ambrosio;6B;15/08/68
19;Clip;Ambrosio;48;08/06/1968;;xxx;Little green bottle;Clothes;Ambrosio;41;08/06/68;Plate;2OE;58B;06/08/99;Tray;Ambrosio;49B;18/09/68;Assistant Director;Ambrosio;-;19/10/68
20;Clip;Ambrosio;54;09/06/1968;;-;;Lantern;2OE;67A;07/09/99;Assistant Director;Ambrosio;-;19/10/68;Knife;Ambrosio;8B;22/08/68;Stage Block;Ambrosio;54;09/06/68
21;Secret;Ambrosio;54;09/06/1968;;-;;;;;;;;;;;;;;;;;
22;Clip;Ambrosio;55;09/06/1968;;-;;Jane;Ambrosio;4;08/06/68;Feet;Minsky;1A;09/08/70;Pillar;Ambrosio;24D;17/10/68;Knife;Ambrosio;54;09/06/68
23;Clip;Ambrosio;-;05/08/1968;;xxx;Interview with Marissa and Fischer;Arthur Fischer;Ambrosio;-;19/10/68;Photo;Minsky;42B;21/07/70;Marissa Marcel;2OE;-;25/09/99;Clapperboard;2OE;-;25/09/99
24;Clip;Ambrosio;3A;05/08/1968;;-;;Bed;2OE;82;25/03/99;Napkin;Minsky;2B;23/07/70;Paper;2OE;26B;18/05/99;Pillow;2OE;73A;16/09/99
25;Clip;Ambrosio;11C;06/08/1968;;xxx;;Plate;2OE;58B;06/08/99;Gabriel;Ambrosio;56C;01/10/68;Tray;Ambrosio;49B;18/09/68;Candle;Ambrosio;3A;05/08/68
26;Clip;Ambrosio;12C;07/08/1968;;-;;Instrument;Ambrosio;12D;07/08/68;Candle;Ambrosio;12D;07/08/68;Painting;Minsky;11B;16/08/70;2nd AC;Ambrosio;12D;07/08/68
27;Secret;Ambrosio;12C;07/08/1968;;-;;;;;;;;;;;;;;;;;
28;Clip;Ambrosio;12D;07/08/1968;;-;;Instrument;Ambrosio;12C;07/08/68;Candle;Ambrosio;12C;07/08/68;Book;Ambrosio;11C;06/08/68;Magazines;2OE;55A;29/07/99
29;Clip;Ambrosio;9C;12/08/1968;;-;;Candle;Ambrosio;11C;06/08/68;Knife;Ambrosio;34C;13/08/68;Razor;Minsky;-;21/07/70;Scissors;Minsky;-;21/07/70
30;Clip;Ambrosio;34C;13/08/1968;;-;;ID;2OE;55A;29/07/99;Boarding Pass;2OE;69B;08/09/99;Card;Minsky;-;15/04/69;Knife;Ambrosio;9C;12/08/68
31;Secret;Ambrosio;34C;13/08/1968;;-;;;;;;;;;;;;;;;;;
32;Clip;Ambrosio;21A;14/08/1968;;-;;Bed;2OE;82;25/03/99;Keyhole;Minsky;10B;13/08/70;Key;Minsky;10B;13/08/70;Vase;Ambrosio;8B;22/08/68
33;Clip;Ambrosio;6B;15/08/1968;;-;;Production Assistant;Ambrosio;-;30/09/68;Fire;2OE;-;25/09/99;Rosary;Ambrosio;-;16/09/68;Frame;Minsky;-;29/05/70
34;Secret;Ambrosio;6B;15/08/1968;;-;"""First time I ""found"" her, gave me nightmares""";;;;;;;;;;;;;;;;
35;Clip;Ambrosio;10C;16/08/1968;;-;Robert and Marissa closeup;Kiss;Ambrosio;6B;15/08/68;Cross;Ambrosio;3A;05/08/68;Crucifix;Ambrosio;3A;05/08/68;2nd AC;Ambrosio;6B;15/08/68
36;Clip;Ambrosio;30B;19/08/1968;;-;;Makeup Artist Ambrosio;Ambrosio;-;19/10/68;Rosary;Ambrosio;-;16/09/68;Magazines;2OE;55A;29/07/99;Book;Ambrosio;46B;17/09/68
37;Secret;Ambrosio;30B;19/08/1968;;-;;;;;;;;;;;;;;;;;
38;Clip;Ambrosio;32A;19/08/1968;;xxx;;Bottle;Ambrosio;30B;19/08/68;Pen;Ambrosio;34C;13/08/68;Cup;Minsky;-;13/08/70;Coffee;Minsky;-;13/08/70
39;Clip;Ambrosio;40A;20/08/1968;;xxx;;Keyhole;Minsky;10B;13/08/70;Key;Minsky;10B;13/08/70;Mirror;Minsky;-;28/08/70;Candle;Ambrosio;6B;15/08/68
40;Clip;Ambrosio;40D;20/08/1968;;-;Color changing flower;Vase;Ambrosio;5B;21/08/68;Flower;Ambrosio;-;10/02/68;Basket;Ambrosio;3A;05/08/68;2nd AC;Ambrosio;40A;20/08/68
41;Clip;Ambrosio;40E;20/08/1968;;-;Naked Sofia, bird;Bird;Ambrosio;16B;11/09/68;Smoke;Ambrosio;42A;18/10/68;Noise;Minsky;-;15/04/69;Wings;Ambrosio;61C;10/10/68
42;Clip;Ambrosio;5B;21/08/1968;;-;That enough tette for you, Gino?;Gino De Giorgio;Ambrosio;-;19/10/68;Bench;Ambrosio;8B;22/08/68;Rosary;Ambrosio;8B;22/08/68;Arthur Fischer;Ambrosio;-;19/10/68
43;Clip;Ambrosio;8B;22/08/1968;;-;Flower, snake;Bench;Ambrosio;5B;21/08/68;Rosary;Ambrosio;30B;19/08/68;Snake;Ambrosio;8D;22/08/68;Jewelry;Minsky;40B;05/08/70
44;Secret;Ambrosio;8B;22/08/1968;;-;;;;;;;;;;;;;;;;;
45;Clip;Ambrosio;8D;22/08/1968;;-;;Snake;Ambrosio;8B;22/08/68;Jewelry;Minsky;40B;05/08/70;Flower;Ambrosio;8B;22/08/68;Basket;Ambrosio;3A;05/08/68
46;Clip;Ambrosio;20B;23/08/1968;;-;;Scales;Ambrosio;53C;27/09/68;Gabriel;Ambrosio;56C;01/10/68;Bowl;2OE;55A;29/07/99;Keyhole;Minsky;10B;13/08/70
47;Clip;Ambrosio;20D;23/08/1968;;-;Short clip with keys;Keyhole;Minsky;10B;13/08/70;Key;Minsky;10B;13/08/70;Hands;Ambrosio;15A;23/08/68;Gloves;Minsky;3A;11/08/70
48;Clip;Ambrosio;15A;23/08/1968;;xxx;;Plant;Ambrosio;8B;22/08/68;Kiss;Ambrosio;40A;20/08/68;Robert Jones;Ambrosio;20B;23/08/68;Hands;Ambrosio;20D;23/08/68
49;Clip;Ambrosio;16B;11/09/1968;;xxx;;Bird;Ambrosio;23A;15/10/68;Wings;Ambrosio;61C;10/10/68;Candle;Ambrosio;6B;15/08/68;Kiss;Ambrosio;17B;12/09/68
50;Clip;Ambrosio;17B;12/09/1968;;xxx;;Makeup Artist Ambrosio;Ambrosio;42A;18/10/68;Candle;Ambrosio;6B;15/08/68;Kiss;Ambrosio;16B;11/09/68;2nd AC;Ambrosio;16B;11/09/68
51;Clip;Ambrosio;18C;13/09/1968;;-;;Candle;Ambrosio;6B;15/08/68;Kiss;Ambrosio;17B;12/09/68;Cross;Ambrosio;3A;05/08/68;Crucifix;Ambrosio;3A;05/08/68
52;Secret;Ambrosio;18C;13/09/1968;;-;;;;;;;;;;;;;;;;;
53;Clip;Ambrosio;-;16/09/1968;;xxx;Interview with Marissa, Robert and Sofia;Rosary;Ambrosio;6B;15/08/68;Jewelry;Ambrosio;39A;16/09/68;Curtain;Ambrosio;39A;16/09/68;Candle;Ambrosio;46A;17/09/68
54;Clip;Ambrosio;36A;16/09/1968;;-;Sofia;Jewelry;Ambrosio;-;16/09/68;Eye;Minsky;20E;19/08/70;Sofia Morgana;Ambrosio;52A;19/09/68;Clapperboard;Ambrosio;-;16/09/68
55;Clip;Ambrosio;39A;16/09/1968;;-;;Bed;2OE;82;25/03/99;Jewelry;Ambrosio;-;16/09/68;Curtain;Ambrosio;-;16/09/68;Book;Ambrosio;46B;17/09/68
56;Clip;Ambrosio;46B;17/09/1968;;-;;Branch;Ambrosio;42A;18/10/68;Breast;Ambrosio;24D;17/10/68;Curtain;Ambrosio;51A;18/09/68;Pillow;Ambrosio;46A;17/09/68
57;Secret;Ambrosio;46B;17/09/1968;;-;;;;;;;;;;;;;;;;;
58;Clip;Ambrosio;46A;17/09/1968;;xxx;;Diana Wills;Ambrosio;44;01/06/68;Clothes;Minsky;29;24/06/70;Pillow;Ambrosio;46B;17/09/68;Candle;Ambrosio;46B;17/09/68
59;Clip;Ambrosio;49B;18/09/1968;;xxx;White drink;Tray;Minsky;4A;26/07/70;Plate;2OE;58B;06/08/99;Pillow;Ambrosio;46A;17/09/68;Blood;Ambrosio;51A;18/09/68
60;Clip;Ambrosio;49D;18/09/1968;;-;White drink, little green bottle;Plate;2OE;58B;06/08/99;Tray;Ambrosio;49B;18/09/68;Blood;Ambrosio;51A;18/09/68;Candle;Ambrosio;46A;17/09/68
61;Clip;Ambrosio;51A;18/09/1968;;-;;Blood;Minsky;-;21/07/70;Curtain;Ambrosio;52A;19/09/68;Sofia Morgana;Ambrosio;49B;18/09/68;Milk;Ambrosio;49B;18/09/68
62;Secret;Ambrosio;51A;18/09/1968;;-;;;;;;;;;;;;;;;;;
63;Clip;Ambrosio;52A;19/09/1968;;xxx;;Blanket;Minsky;29;24/06/70;Cloth;Minsky;-;29/05/70;Gabriel;Ambrosio;56C;01/10/68;Curtain;Ambrosio;51A;18/09/68
64;Clip;Ambrosio;2C;20/09/1968;;-;Sofia and Jacintha at the church;Tear;2OE;60F;15/08/99;Background;Ambrosio;29C;24/09/68;Costume Designer;Ambrosio;62A;02/10/68;Diana Wills;Ambrosio;44;01/06/68
65;Clip;Ambrosio;7B;23/09/1968;;xxx;;2nd AC;Ambrosio;27A;24/09/68;Robert Jones;Ambrosio;-;19/10/68;TV;2OE;55A;29/07/99;Window;Minsky;6;22/06/70
66;Clip;Ambrosio;27A;24/09/1968;;xxx;;Candle;Ambrosio;46A;17/09/68;2nd AC;Ambrosio;7B;23/09/68;Painting;Ambrosio;6B;15/08/68;Clapperboard;Ambrosio;29C;24/09/68
67;Clip;Ambrosio;29C;24/09/1968;;-;Sofia at the church;Background;Ambrosio;2C;20/09/68;Sofia Morgana;Ambrosio;2C;20/09/68;Clapperboard;Ambrosio;27A;24/09/68;-;-;-;-
68;Clip;Ambrosio;53C;27/09/1968;;-;;Scales;Ambrosio;20B;23/08/68;Gabriel;Ambrosio;56C;01/10/68;Painting;Minsky;11B;16/08/70;Blood;Ambrosio;51A;18/09/68
69;Clip;Ambrosio;53D;27/09/1968;;-;Orange;Painting;Minsky;11B;16/08/70;Book;Ambrosio;53C;27/09/68;Magazines;2OE;55A;29/07/99;Fruit;Ambrosio;53C;27/09/68
70;Clip;Ambrosio;-;30/09/1968;;xxx;Marissa's interview, John Durick;Production Assistant;Ambrosio;6B;15/08/68;John Durick;Minsky;-;21/06/70;Marissa Marcel;2OE;-;25/09/99;Moon;Ambrosio;41A;18/10/68
71;Clip;Ambrosio;56C;01/10/1968;;-;Bleeding Sofia arrives to the mass, useful for clip #86;Gabriel;Ambrosio;52A;19/09/68;Terry Schneider;2OE;43;18/03/99;Blood;Minsky;-;21/07/70;Cloth;Minsky;3A;11/08/70
72;Secret;Ambrosio;56C;01/10/1968;;-;;;;;;;;;;;;;;;;;
73;Clip;Ambrosio;62A;02/10/1968;;-;Tree;Tree;Ambrosio;-;19/10/68;Dress;Ambrosio;59A;09/10/68;Crown;Ambrosio;-;08/06/68;Costume Designer;Ambrosio;-;19/10/68
74;Secret;Ambrosio;62A;02/10/1968;;-;;;;;;;;;;;;;;;;;
75;Clip;Ambrosio;62C;02/10/1968;;-;Robert falls;2nd AC;Ambrosio;62A;02/10/68;Robert Jones;Ambrosio;62A;02/10/68;Clapperboard;Ambrosio;62A;02/10/68;-;-;-;-
76;Clip;Ambrosio;63A;02/10/1968;;-;Robert, blood, eye;Terry Schneider;2OE;43;18/03/99;Blood;Minsky;-;21/07/70;Cloth;Minsky;3A;11/08/70;Tear;Ambrosio;2C;20/09/68
77;Clip;Ambrosio;59A;09/10/1968;;-;;Production Assistant;Ambrosio;-;30/09/68;Dress;Ambrosio;62A;02/10/68;Crown;Ambrosio;42A;18/10/68;Magazines;2OE;55A;29/07/99
78;Secret;Ambrosio;59A;09/10/1968;;-;;;;;;;;;;;;;;;;;
79;Clip;Ambrosio;60A;09/10/1968;;-;;Flower;Ambrosio;59A;09/10/68;Marissa Marcel;2OE;-;25/09/99;Robert Jones;Ambrosio;21A;14/08/68;Clapperboard;2OE;-;25/09/99
80;Clip;Ambrosio;61C;10/10/1968;;-;Lucifer;Satan;Ambrosio;42A;18/10/68;Smoke;Ambrosio;42A;18/10/68;Production Assistant;Ambrosio;-;30/09/68;Noise;Minsky;-;15/04/69
81;Secret;Ambrosio;61C;10/10/1968;;-;;;;;;;;;;;;;;;;;
82;Clip;Ambrosio;57B;11/10/1968;;xxx;Close-up of Marissa's face;2nd AC;Ambrosio;61C;10/10/68;Painting;Ambrosio;6B;15/08/68;Clapperboard;Ambrosio;61C;10/10/68;Marissa Marcel;Ambrosio;59A;09/10/68
83;Clip;Ambrosio;58B;14/10/1968;;-;Mirror;Tear;Ambrosio;2C;20/09/68;Eye;2OE;52B;27/07/99;Mirror;Minsky;-;28/08/70;Candle;Ambrosio;6B;15/08/68
84;Clip;Ambrosio;22A;15/10/1968;;-;Sepulcher scene, Agnes and actress from video #2 show up;Prioress;Ambrosio;4;08/06/68;Penelope;Ambrosio;4;08/06/68;Jane;Ambrosio;55;09/06/68;Tree;Ambrosio;-;19/10/68
85;Clip;Ambrosio;23A;15/10/1968;;xxx;Bird;Bird;Ambrosio;16B;11/09/68;Wings;Ambrosio;61C;10/10/68;Cross;Ambrosio;3A;05/08/68;Crucifix;Ambrosio;3A;05/08/68
86;Clip;Ambrosio;55D;16/10/1968;;-;Short clip of bloody cross;Cross;Ambrosio;3A;05/08/68;Crucifix;Ambrosio;3A;05/08/68;2nd AC;Ambrosio;23A;15/10/68;Hands;Ambrosio;42A;18/10/68
87;Clip;Ambrosio;24A;17/10/1968;;-;;Costume Designer;Ambrosio;-;19/10/68;2nd AC;Ambrosio;42A;18/10/68;Painting;Ambrosio;6B;15/08/68;Clapperboard;Ambrosio;42A;18/10/68
88;Clip;Ambrosio;24D;17/10/1968;;-;Naked Marissa, John Durick;Breast;Ambrosio;62A;02/10/68;Pillar;2OE;69B;08/09/99;Candle;Ambrosio;6B;15/08/68;Painting;Minsky;11B;16/08/70
89;Secret1;Ambrosio;24D;17/10/1968;;-;;;;;;;;;;;;;;;;;
90;Secret2;Ambrosio;24D;17/10/1968;;-;Reverse of reverse;;;;;;;;;;;;;;;;
91;Secret3;Ambrosio;24D;17/10/1968;;-;Reverse of reverse of reverse!;;;;;;;;;;;;;;;;
92;Clip;Ambrosio;41A;18/10/1968;;xxx;;Globe;Minsky;33B;10/08/70;Lantern;2OE;67A;07/09/99;Bag;2OE;27;15/03/99;Basket;2OE;55A;29/07/99
93;Clip;Ambrosio;42A;18/10/1968;;-;Lucifer, blood;Satan;Ambrosio;-;19/10/68;Branch;Ambrosio;41;08/06/68;Smoke;Ambrosio;61C;10/10/68;Noise;Minsky;-;15/04/69
94;Secret1;Ambrosio;42A;18/10/1968;;-;;;;;;;;;;;;;;;;;
95;Secret2;Ambrosio;42A;18/10/1968;;-;Reverse of reverse;;;;;;;;;;;;;;;;
96;Clip;Ambrosio;42D;18/10/1968;;-;Bleeding hand, knife;Blood;Minsky;-;21/07/70;Knife;Ambrosio;42A;18/10/68;Razor;Minsky;-;21/07/70;Scissors;Minsky;-;21/07/70
97;Clip;Ambrosio;-;19/10/1968;;xxx;Afterparty, Gino and all main characters are here;Satan;Ambrosio;42A;18/10/68;Gino De Giorgio;Ambrosio;5B;21/08/68;Tree;Ambrosio;62A;02/10/68;Makeup Artist Ambrosio;Ambrosio;42A;18/10/68
98;Clip;Minsky;-;15/04/1969;;-;Talkshow with Marissa. Useful clip, reveals good info to start with;Jimmy;Minsky;-;16/02/72;Smoke;Ambrosio;42A;18/10/68;ID;2OE;55A;29/07/99;Noise;Minsky;-;15/04/69
99;Secret1;Minsky;-;15/04/1969;;-;Unavailable from the start? I only found it later revisiting clips;;;;;;;;;;;;;;;;
100;Secret2;Minsky;-;15/04/1969;;-;Reverse of reverse;;;;;;;;;;;;;;;;
101;Secret3;Minsky;-;15/04/1969;;-;Reverse of reverse of reverse!;;;;;;;;;;;;;;;;
102;Secret4;Minsky;-;15/04/1969;;-;And so on;;;;;;;;;;;;;;;;
103;Secret5;Minsky;-;15/04/1969;;-;;;;;;;;;;;;;;;;;
104;Clip;Minsky;-;23/12/1969;;-;Wig, John Durick;Wig;Minsky;22B;29/07/70;Trunk;Minsky;-;29/05/70;TV;2OE;55A;29/07/99;Frame;Minsky;-;29/05/70
105;Clip;Minsky;-;28/05/1970;;-;Deviants' screentest;Glasses;2OE;30;15/03/99;Ass;Minsky;19B;17/08/70;Susie;Minsky;22B;29/07/70;Debbie;Minsky;44A;20/07/70
106;Secret;Minsky;-;28/05/1970;;-;;;;;;;;;;;;;;;;;
107;Clip;Minsky;-;29/05/1970;;-;Marissa's portrait being painted, Douglas;Paint;Minsky;11B;16/08/70;Trunk;Minsky;-;23/12/69;Brush;Minsky;29C;23/08/70;Douglas Simons;Minsky;1A;09/08/70
108;Clip;Minsky;-;01/06/1970;;-;Marissa and Carl's chemistry test;Camera;Minsky;3A;11/08/70;Watch;2OE;17C;02/05/99;Clock;2OE;17C;02/05/99;Kiss;Minsky;-;29/05/70
109;Clip;Minsky;41;08/06/1970;;-;Rooftop location scout, John Durick;City;2OE;51A;20/07/99;Cigarette;Minsky;21A;20/08/70;Script;Minsky;30;09/06/70;John Durick;Minsky;-;21/06/70
110;Clip;Minsky;30;09/06/1970;;-;Studio exterior location scout, John Durick;Trash;Minsky;16;11/06/70;Kiss;Minsky;35;11/06/70;Script;Minsky;14;10/06/70;John Durick;Minsky;-;21/06/70
111;Clip;Minsky;14;10/06/1970;;-;Script reading with Carl;Bird;Minsky;-;31/07/70;Watch;2OE;17C;02/05/99;Clock;2OE;17C;02/05/99;Ring;Minsky;13C;30/07/70
112;Clip;Minsky;16;11/06/1970;;xxx;Frankie's apartment exterior location scout;Trash;Minsky;30;09/06/70;Car;Minsky;36A;22/07/70;Tear;Ambrosio;2C;20/09/68;Eye;Minsky;-;28/05/70
113;Clip;Minsky;35;11/06/1970;;-;Goodman's apartment location scout, Carl;Boxes;Minsky;40B;05/08/70;Pillow;2OE;73A;16/09/99;Lamp;Minsky;14;10/06/70;Carl Greenwood;Minsky;4A;26/07/70
114;Clip;Minsky;9;11/06/1970;;-;Location scout, keys;Keyhole;Minsky;10B;13/08/70;Key;Minsky;10B;13/08/70;Marissa Marcel;2OE;-;25/09/99;Door;Minsky;16;11/06/70
115;Clip;Minsky;6;22/06/1970;;-;Carl, deviants;Hat;2OE;12B;14/04/99;Susie;Minsky;22B;29/07/70;Debbie;Minsky;-;28/05/70;Eddie;Minsky;44A;20/07/70
116;Clip;Minsky;-;21/06/1970;;xxx;John Durick;Camera;Minsky;6;22/06/70;Statue;2OE;51A;20/07/99;Ashtray;Minsky;-;13/08/70;Sculpture;Minsky;22B;29/07/70
117;Clip;Minsky;7;23/06/1970;;-;Carl, Walker;Ruby;Minsky;-;31/07/70;Detective Walker;Minsky;13C;30/07/70;Notepad;Minsky;6;22/06/70;Photo;Minsky;31;26/06/70
118;Clip;Minsky;-;23/06/1970;;xxx;Marissa and Carl's costume test;TV;2OE;55A;29/07/99;Costume Designer;Minsky;19B;17/08/70;Jewelry;2OE;24C;10/05/99;Feet;2OE;51A;20/07/99
119;Clip;Minsky;1;24/06/1970;;-;Douglas, mask, straw;Douglas Simons;Minsky;1A;09/08/70;Lips;2OE;55A;29/07/99;Cloth;Minsky;-;29/05/70;Couch;Minsky;29;24/06/70
120;Clip;Minsky;18;24/06/1970;;-;Carl;Bowl;2OE;55A;29/07/99;Pot;2OE;14C;23/04/99;Champagne;Minsky;-;31/07/70;Cocktail;Minsky;-;31/07/70
121;Clip;Minsky;29;24/06/1970;;-;Carl;Blanket;Minsky;3A;11/08/70;Shoes;Minsky;29C;23/08/70;Cloth;Ambrosio;52A;19/09/68;Couch;2OE;35A;10/06/99
122;Clip;Minsky;14;25/06/1970;;-;Carl;Clothes;Minsky;29;24/06/70;Paper;Minsky;13C;30/07/70;Feet;Minsky;-;23/06/70;Curtain;Ambrosio;40E;20/08/68
123;Clip;Minsky;31;26/06/1970;;-;Ruby, Carl, Walker;Ruby;Minsky;-;31/07/70;Poster;Minsky;-;21/07/70;Couch;2OE;35A;10/06/99;Detective Walker;Minsky;7;23/06/70
124;Clip;Minsky;26;26/06/1970;;-;Olga, Carl;Natassia;Minsky;24A;25/08/70;Clothes;Minsky;29;24/06/70;Water;Minsky;-;29/05/70;Glass;2OE;39B;18/06/99
125;Clip;Minsky;-;26/06/1970;;-;Marissa and Carl kiss;Lamp;Minsky;-;23/06/70;Kiss;Minsky;29;24/06/70;Marissa Marcel;2OE;-;25/09/99;Carl Greenwood;Minsky;-;31/07/70
126;Secret1;Minsky;-;26/06/1970;;-;;;;;;;;;;;;;;;;;
127;Secret2;Minsky;-;26/06/1970;;-;Reverse of reverse;;;;;;;;;;;;;;;;
128;Secret3;Minsky;-;26/06/1970;;-;Reverse of reverse of reverse!;;;;;;;;;;;;;;;;
129;Clip;Minsky;43A;19/07/1970;;-;Carl, graffiti;Carl Greenwood;Minsky;4A;26/07/70;Photo;Minsky;7;23/06/70;Door;Minsky;36A;22/07/70;Moon;Ambrosio;41A;18/10/68
130;Clip;Minsky;44A;20/07/1970;;-;Deviants, masks, gallery staff;Background;Minsky;23C;25/08/70;Susie;Minsky;22B;29/07/70;Debbie;Minsky;-;28/05/70;Eddie;Minsky;22B;29/07/70
131;Secret;Minsky;44A;20/07/1970;;-;;;;;;;;;;;;;;;;;
132;Clip;Minsky;42B;21/07/1970;;-;Carl, salt and pepper;Shaker;Minsky;-;13/08/70;Property Master;Minsky;17A;30/08/70;Poster;Minsky;-;21/07/70;Photo;Minsky;4A;26/07/70
133;Clip;Minsky;-;21/07/1970;;-;Carl hairdressing, blood;Makeup Artist;Minsky;17A;30/08/70;Towel;Minsky;29C;23/08/70;Dummy;2OE;40A;26/06/99;Terry Schneider;2OE;43;18/03/99
134;Clip;Minsky;42D;21/07/1970;;-;Short clip of ashtray;Hookah;Minsky;-;23/12/69;Ruby;Minsky;-;31/07/70;Susie;Minsky;22B;29/07/70;Ashtray;Minsky;42B;21/07/70
135;Clip;Minsky;36A;22/07/1970;;-;Carl, car;Car;Minsky;16;11/06/70;Tree;Ambrosio;-;19/10/68;Ladder;Minsky;33B;10/08/70;Coffee;Minsky;2B;23/07/70
136;Clip;Minsky;2B;23/07/1970;;-;Carl, salt and pepper;Shaker;Minsky;-;13/08/70;Dummy;2OE;40A;26/06/99;Statue;Minsky;-;21/07/70;Notepad;2OE;58B;06/08/99
137;Clip;Minsky;-;24/07/1970;;-;Carl, kiss;Kiss;Minsky;22B;29/07/70;Marissa Marcel;2OE;-;25/09/99;Carl Greenwood;Minsky;-;31/07/70;Hands;Minsky;-;24/07/70
138;Secret;Minsky;-;24/07/1970;;-;;;;;;;;;;;;;;;;;
139;Clip;Minsky;4A;26/07/1970;;-;Carl, Olga, gallery staff;Signature;Minsky;11B;16/08/70;Background;Minsky;23C;25/08/70;Douglas Simons;Minsky;1A;09/08/70;Tray;Ambrosio;49B;18/09/68
140;Clip;Minsky;3D;26/07/1970;;-;Olga, snake;Natassia;Minsky;24A;25/08/70;Snake;Minsky;4A;26/07/70;Jewelry;Minsky;40B;05/08/70;Eye;Ambrosio;36A;16/09/68
141;Clip;Minsky;4B;27/07/1970;;-;Carl;Champagne;Minsky;-;31/07/70;Cocktail;Minsky;-;31/07/70;Milk;Ambrosio;51A;18/09/68;Cigarette;Ambrosio;-;19/10/68
142;Secret;Minsky;4B;27/07/1970;;-;;;;;;;;;;;;;;;;;
143;Clip;Minsky;-;29/07/1970;;-;Behind the scenes in the warehouse, Eddie;Ass;Minsky;19B;17/08/70;Eddie;Minsky;22B;29/07/70;Pillar;Minsky;22B;29/07/70;Statue;2OE;51A;20/07/99
144;Clip;Minsky;22B;29/07/1970;;-;Carl, deviants, wig;Andy;Minsky;-;23/12/69;Ass;Minsky;19B;17/08/70;Susie;Minsky;44A;20/07/70;Couch;2OE;35A;10/06/99
145;Clip;Minsky;5B;30/07/1970;;-;Carl, recorder, Walker;Recorder;Minsky;13C;30/07/70;Property Master;Minsky;17A;30/08/70;Lighter;Minsky;41A;02/08/70;Napkin;Minsky;2B;23/07/70
146;Secret1;Minsky;5B;30/07/1970;;-;;;;;;;;;;;;;;;;;
147;Secret2;Minsky;5B;30/07/1970;;-;Reverse of reverse;;;;;;;;;;;;;;;;
148;Secret3;Minsky;5B;30/07/1970;;-;Reverse of reverse of reverse!;;;;;;;;;;;;;;;;
149;Clip;Minsky;13C;30/07/1970;;-;Carl, Debbie, recorder;Recorder;Minsky;5B;30/07/70;Shoes;2OE;81;25/03/99;Debbie;Minsky;22B;29/07/70;Detective Walker;Minsky;7;23/06/70
150;Clip;Minsky;-;31/07/1970;;xxx;Carl, Ruby, deviants, Walker, John Durick;Light;Minsky;17A;30/08/70;Susie;Minsky;22B;29/07/70;Natassia;Minsky;24A;25/08/70;Ruby;Minsky;3A;11/08/70
151;Clip;Minsky;41A;02/08/1970;;-;Carl, skyline;Lighter;Ambrosio;-;15/04/68;Fire;2OE;-;25/09/99;Letter;Minsky;21A;20/08/70;City;2OE;51A;20/07/99
152;Clip;Minsky;8A;04/08/1970;;-;Carl, Ruby, Pablos (priest from Ambrosio);Ruby;Minsky;-;31/07/70;Gabriel;Ambrosio;56C;01/10/68;Detective Walker;Minsky;7;23/06/70;Notepad;2OE;58B;06/08/99
153;Clip;Minsky;40B;05/08/1970;;-;Carl, Walker, snake;Boxes;Minsky;35;11/06/70;Costume Designer;Minsky;19B;17/08/70;Poster;Minsky;-;21/07/70;Letter;Minsky;41A;02/08/70
154;Clip;Minsky;38A;06/08/1970;;-;Carl, keys;Hat;2OE;12B;14/04/99;Napkin;Minsky;2B;23/07/70;Paper;2OE;26B;18/05/99;Keyhole;Minsky;10B;13/08/70
155;Clip;Minsky;39C;06/08/1970;;-;Carl, Olga, bloody hand, Walker;Natassia;Minsky;24A;25/08/70;Terry Schneider;2OE;43;18/03/99;Blood;Minsky;-;21/07/70;Snake;Ambrosio;8B;22/08/68
156;Clip;Minsky;1A;09/08/1970;;xxx;Douglas, mask, straw, John Durick;Feet;Minsky;3A;11/08/70;Straw;Minsky;1;24/06/70;Douglas Simons;Minsky;-;29/05/70;Photo;Minsky;4A;26/07/70
157;Clip;Minsky;33B;10/08/1970;;-;John Durick;Clothes;Minsky;29;24/06/70;Frame;Minsky;-;29/05/70;Pillow;2OE;73A;16/09/99;Bird;Minsky;-;31/07/70
158;Secret;Minsky;33B;10/08/1970;;-;What happened to John Durick;;;;;;;;;;;;;;;;
159;Clip;Minsky;3A;11/08/1970;;-;Carl, Ruby, John Durick, blood;Easel;Minsky;19B;17/08/70;Drawer;Minsky;21A;20/08/70;Feet;Minsky;1A;09/08/70;Cloth;Minsky;-;29/05/70
160;Secret;Minsky;3A;11/08/1970;;-;;;;;;;;;;;;;;;;;
161;Clip;Minsky;3D;11/08/1970;;-;Short clip of bottle with apple;Bowl;2OE;55A;29/07/99;Painting;Minsky;11B;16/08/70;Pot;2OE;14C;23/04/99;Candle;Minsky;19B;17/08/70
162;Clip;Minsky;10A;13/08/1970;;-;Carl, keys;Keyhole;Minsky;10B;13/08/70;Key;Minsky;10B;13/08/70;2nd AC;Minsky;10B;13/08/70;Candle;Ambrosio;6B;15/08/68
163;Secret;Minsky;10A;13/08/1970;;-;;;;;;;;;;;;;;;;;
164;Clip;Minsky;10B;13/08/1970;;-;Short clip of keys;Key;Ambrosio;21A;14/08/68;2nd AC;Minsky;10A;13/08/70;Hands;Minsky;20B;19/08/70;Gloves;Minsky;3A;11/08/70
165;Clip;Minsky;-;13/08/1970;;xxx;Carl and John Durick kiss, ashtray;Shaker;Minsky;2B;23/07/70;Ashtray;Minsky;23C;25/08/70;Coffee;Minsky;2B;23/07/70;Cup;Minsky;-;23/06/70
166;Clip;Minsky;11B;16/08/1970;;xxx;Carl, mask, naked Marissa;Paint;Minsky;-;29/05/70;Signature;2OE;14C;23/04/99;Breast;Ambrosio;24D;17/10/68;Frame;Minsky;-;29/05/70
167;Clip;Minsky;19B;17/08/1970;;-;Carl's ass;Stand;Minsky;19B;17/08/70;Stair;Minsky;19B;17/08/70;Easel;Minsky;3A;11/08/70;Costume Designer;Minsky;-;23/06/70
168;Secret;Minsky;19B;17/08/1970;;-;;;;;;;;;;;;;;;;;
169;Clip;Minsky;20B;19/08/1970;;-;Carl, mask, straw;Straw;Minsky;1;24/06/70;Cloth;Minsky;1;24/06/70;Mask;Minsky;11B;16/08/70;Knife;Minsky;20D;19/08/70
170;Secret;Minsky;20B;19/08/1970;;-;;;;;;;;;;;;;;;;;
171;Clip;Minsky;20D;19/08/1970;;-;Short clip of knife and rope;Rope;Minsky;20F;19/08/70;Jewelry;Minsky;5B;30/07/70;Knife;Minsky;20B;19/08/70;Razor;Minsky;-;21/07/70
172;Clip;Minsky;20E;19/08/1970;;-;Mask, eye;Eye;Ambrosio;36A;16/09/68;Mask;Minsky;11B;16/08/70;Clapperboard;Minsky;20B;19/08/70;-;-;-;-
173;Clip;Minsky;20F;19/08/1970;;-;Short clip of mask and rope;Rope;Minsky;20D;19/08/70;Feet;2OE;51A;20/07/99;Cloth;Minsky;1;24/06/70;Mask;Minsky;11B;16/08/70
174;Clip;Minsky;21A;20/08/1970;;-;Carl;Drawer;Minsky;3A;11/08/70;Property Master;Minsky;17A;30/08/70;Poster;Minsky;-;21/07/70;Letter;Minsky;41A;02/08/70
175;Secret;Minsky;21A;20/08/1970;;-;;;;;;;;;;;;;;;;;
176;Clip;Minsky;29C;23/08/1970;;xxx;Carl;Brush;Minsky;-;29/05/70;Makeup Artist;Minsky;17A;30/08/70;Towel;Minsky;-;21/07/70;Shoes;Minsky;29;24/06/70
177;Clip;Minsky;23C;25/08/1970;;xxx;Carl, ashtray, cross, kiss;Background;Minsky;44A;20/07/70;Camera;Minsky;3A;11/08/70;Glass;2OE;39B;18/06/99;2nd AC;Minsky;24A;25/08/70
178;Clip;Minsky;23E;25/08/1970;;-;Short clip of cross;Cross;Ambrosio;3A;05/08/68;Crucifix;Ambrosio;3A;05/08/68;Painting;Minsky;3A;11/08/70;Hands;Minsky;24A;25/08/70
179;Clip;Minsky;24A;25/08/1970;;-;Carl, Olga;Natassia;Minsky;-;31/07/70;Mirror;Minsky;-;28/08/70;2nd AC;Minsky;23C;25/08/70;Lamp;Minsky;32A;26/08/70
180;Secret;Minsky;24A;25/08/1970;;-;;;;;;;;;;;;;;;;;
181;Clip;Minsky;35E;26/08/1970;;-;Carl, gun;Chandelier;2OE;74A;24/09/99;Gun;2OE;27G;01/06/99;Watch;2OE;17C;02/05/99;Clock;2OE;17C;02/05/99
182;Clip;Minsky;32A;26/08/1970;;-;Carl, Marissa's portrait;Graffiti;Minsky;43A;19/07/70;Bucket;Minsky;34B;27/08/70;Chandelier;2OE;74A;24/09/99;Pot;2OE;14C;23/04/99
183;Secret;Minsky;32A;26/08/1970;;-;;;;;;;;;;;;;;;;;
184;Clip;Minsky;32D;27/08/1970;;-;Marissa's portrait;Bucket;Minsky;34B;27/08/70;Pot;2OE;14C;23/04/99;2nd AC;Minsky;17A;30/08/70;Bottle;Minsky;34B;27/08/70
185;Clip;Minsky;34B;27/08/1970;;-;Carl, Marissa's portrait;Bucket;Minsky;32A;26/08/70;Jewelry;Minsky;-;23/06/70;Pot;2OE;14C;23/04/99;Bottle;Minsky;32D;27/08/70
186;Clip;Minsky;-;28/08/1970;;-;Short personal clip of Marissa, try using mirror;Mirror;Minsky;24A;25/08/70;Marissa Marcel;2OE;-;25/09/99;-;-;-;-;-;-;-;-
187;Secret;Minsky;-;28/08/1970;;-;;;;;;;;;;;;;;;;;
188;Clip;Minsky;17A;30/08/1970;;-;Carl, gun, blood. What happened to Carl Goodman;Light;Minsky;-;31/07/70;Makeup Artist;Minsky;29C;23/08/70;Property Master;Minsky;5B;30/07/70;Fire;2OE;-;25/09/99
189;Secret1;Minsky;17A;30/08/1970;;-;;;;;;;;;;;;;;;;;
190;Secret2;Minsky;17A;30/08/1970;;-;;;;;;;;;;;;;;;;;
191;Secret3;Minsky;17A;30/08/1970;;-;What happened to Amy Archer;;;;;;;;;;;;;;;;
192;Clip;Minsky;-;17/09/1970;;xxx;Short personal clip of Marissa, need to use her face;Curtain;Ambrosio;52A;19/09/68;Window;Minsky;6;22/06/70;Marissa Marcel;Minsky;-;26/06/70;-;-;-;-
193;Clip;Minsky;-;16/02/1972;;-;Talkshow with John Durick. Useful clip, reveals good info to start with;Jimmy;Minsky;-;15/04/69;City;2OE;51A;20/07/99;Ashtray;Minsky;-;13/08/70;Coffee;Minsky;2B;23/07/70
194;Secret;Minsky;-;16/02/1972;;-;;;;;;;;;;;;;;;;;
195;Clip;2OE;-;07/07/1998;;-;Compositing test. Amy, Naomi, John Durick;Naomi;2OE;13C;15/04/99;Amy Archer;2OE;82;25/03/99;Script;2OE;51D;21/07/99;John Durick;Minsky;-;16/02/72
196;Clip;2OE;-;01/02/1999;;-;Script reading with Amy and John Durick;Watering Can;2OE;55A;29/07/99;Bath;Ambrosio;40E;20/08/68;Pitcher;Minsky;-;21/07/70;Kettle;2OE;14C;23/04/99
197;Secret;2OE;-;01/02/1999;;-;;;;;;;;;;;;;;;;;
198;Clip;2OE;1;01/03/1999;;-;Script reading with Amy, John Durick and Marc;Marc;2OE;8A;13/04/99;Water;2OE;18;02/03/99;Glass;2OE;39B;18/06/99;Assistant Director;2OE;25;02/03/99
199;Secret;2OE;1;01/03/1999;;-;;;;;;;;;;;;;;;;;
200;Clip;2OE;18;02/03/1999;;-;Script reading with Amy, Gary and John Durick;Larry Godwin;2OE;25;02/03/99;Water;2OE;25;02/03/99;Glass;2OE;39B;18/06/99;Phone;2OE;26B;18/05/99
201;Clip;2OE;25;02/03/1999;;-;Script reading with Amy, Gary and John Durick;Larry Godwin;2OE;18;02/03/99;Water;2OE;18;02/03/99;Glass;2OE;39B;18/06/99;Assistant Director;2OE;18;02/03/99
202;Clip;2OE;56;04/03/1999;;-;Script reading with Amy, Gary and John Durick;Larry Godwin;2OE;17C;02/05/99;Water;2OE;18;02/03/99;Glass;2OE;39B;18/06/99;Assistant Director;2OE;51D;21/07/99
203;Clip;2OE;27;15/03/1999;;-;Naomi, cat, gun;Lift;2OE;31;15/03/99;Wallet;2OE;30;15/03/99;Cat;2OE;55A;29/07/99;Photo;2OE;14C;23/04/99
204;Clip;2OE;30;15/03/1999;;-;Marc, kiss;Sunglasses;2OE;58B;06/08/99;Wallet;2OE;27;15/03/99;Marc;2OE;8A;13/04/99;Glasses;Minsky;-;28/05/70
205;Clip;2OE;31;15/03/1999;;-;Naomi, mask;Trolley;2OE;11A;14/04/99;Teapot;2OE;58B;06/08/99;Lift;2OE;27;15/03/99;Shoes;Minsky;29C;23/08/70
206;Clip;2OE;43;18/03/1999;;-;Amy, Terry, microphone, sidecut bodyguard;Bodyguard 1;2OE;51D;21/07/99;Terry Schneider;2OE;45;18/03/99;Ladder;2OE;45;18/03/99;Cocktail;Minsky;-;31/07/70
207;Clip;2OE;45;18/03/1999;;-;Terry, microphone;Bed;2OE;82;25/03/99;Terry Schneider;2OE;43;18/03/99;Ladder;2OE;43;18/03/99;Cocktail;Minsky;-;31/07/70
208;Secret;2OE;45;18/03/1999;;-;;;;;;;;;;;;;;;;;
209;Clip;2OE;61;23/03/1999;;xxx;Flowers;Photo;Minsky;31;26/06/70;Flower;Ambrosio;-;10/02/68;Basket;Ambrosio;3A;05/08/68;Candle;Ambrosio;6B;15/08/68
210;Clip;2OE;72;23/03/1999;;-;Try using papers, crew girl, chairs or Marisa's face;Ladder;2OE;75;25/03/99;Purse;2OE;27;15/03/99;Luggage;2OE;27;15/03/99;Assistant Director;2OE;51D;21/07/99
211;Clip;2OE;75;25/03/1999;;-;Amy, Naomi, Terry;Terry Schneider;2OE;82;25/03/99;Naomi;2OE;13C;15/04/99;Cocktail;Minsky;-;31/07/70;Ladder;2OE;84;29/03/99
212;Secret;2OE;75;25/03/1999;;-;;;;;;;;;;;;;;;;;
213;Clip;2OE;81;25/03/1999;;-;Terry, car, drugs, kiss;Pill;2OE;20C;07/05/99;Car;Minsky;16;11/06/70;Shoes;Minsky;13C;30/07/70;Terry Schneider;2OE;82;25/03/99
214;Clip;2OE;82;25/03/1999;;-;Amy, Terry, microphone, gun;Bed;2OE;45;18/03/99;Terry Schneider;2OE;75;25/03/99;Gun;2OE;27G;01/06/99;Purse;2OE;27;15/03/99
215;Secret;2OE;82;25/03/1999;;-;;;;;;;;;;;;;;;;;
216;Clip;2OE;84;29/03/1999;;-;Amy, red bodyguard, sidecut bodyguard, gun;Bodyguard 2;2OE;51D;21/07/99;Bodyguard 1;2OE;51D;21/07/99;Gun;Minsky;35E;26/08/70;Ladder;2OE;75;25/03/99
217;Secret;2OE;84;29/03/1999;;-;;;;;;;;;;;;;;;;;
218;Clip;2OE;85B;05/04/1999;;-;Microphone;Jewelry;2OE;24C;10/05/99;Microphone;2OE;42B;05/07/99;2nd AC;2OE;74A;24/09/99;Photo;Minsky;31;26/06/70
219;Secret;2OE;85B;05/04/1999;;-;;;;;;;;;;;;;;;;;
220;Clip;2OE;8F;12/04/1999;;-;Snake, water;Swimming Pool;2OE;51D;21/07/99;Snake;Ambrosio;8B;22/08/68;Jewelry;Minsky;40B;05/08/70;Clapperboard;2OE;8A;13/04/99
221;Clip;2OE;8A;13/04/1999;;-;Marc, kiss, skyline;Marc;2OE;30;15/03/99;Swimming Pool;2OE;51D;21/07/99;City;2OE;51A;20/07/99;Painting;Minsky;11B;16/08/70
222;Clip;2OE;11A;14/04/1999;;-;Gary, cross (Marissa's model T-pose);Trolley;2OE;31;15/03/99;Larry Godwin;2OE;12B;14/04/99;Camera;Minsky;3A;11/08/70;Photo;Minsky;31;26/06/70
223;Secret;2OE;11A;14/04/1999;;-;;;;;;;;;;;;;;;;;
224;Clip;2OE;12B;14/04/1999;;-;Gary;Hat;Minsky;38A;06/08/70;Towel;Minsky;29C;23/08/70;Larry Godwin;2OE;11A;14/04/99;Purse;2OE;27;15/03/99
225;Clip;2OE;13C;15/04/1999;;xxx;Naomi;Naomi;2OE;75;25/03/99;Notepad;2OE;58B;06/08/99;Coffee;Minsky;2B;23/07/70;Pencil;Minsky;2B;23/07/70
226;Clip;2OE;14C;23/04/1999;;xxx;Cat, knives;Signature;Minsky;11B;16/08/70;Cat;2OE;55A;29/07/99;Napkin;Minsky;2B;23/07/70;Paper;2OE;26B;18/05/99
227;Clip;2OE;14G;23/04/1999;;-;Cat, apples;Cat;2OE;14C;23/04/99;Photo;2OE;14C;23/04/99;Painting;Minsky;11B;16/08/70;Phone;2OE;26B;18/05/99
228;Clip;2OE;16A;24/04/1999;;xxx;Apples;Couch;2OE;35A;10/06/99;Ring;2OE;14C;23/04/99;Phone;2OE;26B;18/05/99;Purse;2OE;27;15/03/99
229;Clip;2OE;17B;02/05/1999;;xxx;;Naomi;2OE;17C;02/05/99;Bowl;2OE;17C;02/05/99;Painting;Minsky;11B;16/08/70;Ring;2OE;16A;24/04/99
230;Clip;2OE;17C;02/05/1999;;-;Gary, Naomi, apples, mask;Naomi;2OE;17B;02/05/99;Larry Godwin;2OE;63A;30/08/99;Bowl;2OE;17B;02/05/99;Painting;Minsky;11B;16/08/70
231;Clip;2OE;20C;07/05/1999;;-;Drugs, cross;Doll;Ambrosio;55;09/06/68;Pill;2OE;81;25/03/99;Phone;2OE;26B;18/05/99;Bottle;Minsky;17A;30/08/70
232;Clip;2OE;22B;10/05/1999;;-;Talkshow guy;Jay Gilligan;2OE;24C;10/05/99;Microphone;2OE;42B;05/07/99;Plant;2OE;24C;10/05/99;Cup;Minsky;-;13/08/70
233;Clip;2OE;24C;10/05/1999;;xxx;Talkshow guy;Jay Gilligan;2OE;22B;10/05/99;Jewelry;Minsky;-;23/06/70;Plant;2OE;22B;10/05/99;Cup;Minsky;-;13/08/70
234;Clip;2OE;26B;18/05/1999;;-;John Durick;Napkin;Minsky;2B;23/07/70;Paper;2OE;14C;23/04/99;Blood;Minsky;-;21/07/70;Phone;2OE;14C;23/04/99
235;Secret;2OE;26B;18/05/1999;;-;;;;;;;;;;;;;;;;;
236;Clip;2OE;27G;01/06/1999;;-;Short clip of gun;Wallet;2OE;30;15/03/99;Drawer;Minsky;21A;20/08/70;Towel;Minsky;29C;23/08/70;Gun;Minsky;35E;26/08/70
237;Clip;2OE;35A;10/06/1999;;xxx;Amy, curly hair bodyguard, apples, flowers, mask;Chandelier;2OE;74A;24/09/99;Frank;2OE;37A;10/06/99;Dummy;2OE;40A;26/06/99;Couch;2OE;16A;24/04/99
238;Clip;2OE;35D;10/06/1999;;-;Short clip of mask;Cloth;Minsky;1;24/06/70;Mask;Minsky;11B;16/08/70;Clapperboard;2OE;37A;10/06/99;Marissa Marcel;2OE;37A;10/06/99
239;Clip;2OE;37A;10/06/1999;;-;Amy, John Durick, curly hair bodyguard, apples;Dress;2OE;40A;26/06/99;Frank;2OE;35A;10/06/99;Card;2OE;74A;24/09/99;Painting;Minsky;11B;16/08/70
240;Secret;2OE;37A;10/06/1999;;-;;;;;;;;;;;;;;;;;
241;Clip;2OE;37D;10/06/1999;;-;Amy, curly hair bodyguard;Frank;2OE;37A;10/06/99;Amy Archer;2OE;37A;10/06/99;Flower;2OE;35A;10/06/99;Basket;Ambrosio;3A;05/08/68
242;Clip;2OE;37E;10/06/1999;;-;Try using dress or Marissa's face;Dress;2OE;37A;10/06/99;Lamp;2OE;39B;18/06/99;Stool;Minsky;3A;11/08/70;Chair;2OE;37A;10/06/99
243;Clip;2OE;39B;18/06/1999;;-;Amy, curly hair bodyguard;Hessenberg Assistant;2OE;42B;05/07/99;Frank;2OE;40A;26/06/99;Mirror;2OE;40A;26/06/99;Glass;Minsky;23C;25/08/70
244;Secret;2OE;39B;18/06/1999;;-;;;;;;;;;;;;;;;;;
245;Clip;2OE;40A;26/06/1999;;xxx;Amy, curly hair bodyguard, scissors;Dress;2OE;37A;10/06/99;Frank;2OE;39B;18/06/99;Clothes;Minsky;29;24/06/70;Statue;2OE;51A;20/07/99
246;Clip;2OE;40D;26/06/1999;;-;Try using scissors or knives;Ring;2OE;42B;05/07/99;Scissors;Minsky;-;21/07/70;Razor;Minsky;-;21/07/70;2nd AC;2OE;40A;26/06/99
247;Clip;2OE;41C;27/06/1999;;xxx;;2nd AC;2OE;40A;26/06/99;Clapperboard;2OE;40A;26/06/99;Marissa Marcel;2OE;40A;26/06/99;-;-;-;-
248;Clip;2OE;42B;05/07/1999;;xxx;Terry, microphone;Hessenberg Assistant;2OE;39B;18/06/99;Terry Schneider;2OE;45;18/03/99;Ring;2OE;67A;07/09/99;Cocktail;Minsky;-;31/07/70
249;Clip;2OE;51A;20/07/1999;;xxx;Amy, water, skyline;Bodyguard 1;2OE;51D;21/07/99;Dummy;2OE;40A;26/06/99;City;Minsky;-;16/02/72;Feet;2OE;14C;23/04/99
250;Clip;2OE;51D;21/07/1999;;-;Red bodyguard, sidecut bodyguard, water;Bodyguard 2;2OE;84;29/03/99;Swimming Pool;2OE;63A;30/08/99;Bodyguard 1;2OE;51A;20/07/99;Assistant Director;2OE;37A;10/06/99
251;Secret1;2OE;51D;21/07/1999;;-;;;;;;;;;;;;;;;;;
252;Secret2;2OE;51D;21/07/1999;;-;Reverse of reverse;;;;;;;;;;;;;;;;
253;Secret3;2OE;51D;21/07/1999;;-;Reverse of reverse of reverse!;;;;;;;;;;;;;;;;
254;Clip;2OE;52B;27/07/1999;;-;Fruit;Lips;2OE;55A;29/07/99;Tear;Ambrosio;2C;20/09/68;Eye;2OE;60F;15/08/99;Blood;Minsky;3A;11/08/70
255;Clip;2OE;55A;29/07/1999;;xxx;John Durick, cat, apples;Embrace;2OE;39B;18/06/99;TV;Minsky;-;23/06/70;Lips;2OE;52B;27/07/99;ID;2OE;69B;08/09/99
256;Clip;2OE;58B;06/08/1999;;-;Try using sunglasses or Marissa's face;Plate;Ambrosio;48;08/06/68;Tray;Ambrosio;49B;18/09/68;Notepad;2OE;13C;15/04/99;Purse;2OE;27;15/03/99
257;Clip;2OE;59A;14/08/1999;;xxx;;Ring;2OE;60F;15/08/99;Watch;2OE;17C;02/05/99;Clock;2OE;17C;02/05/99;Ladder;2OE;84;29/03/99
258;Clip;2OE;60F;15/08/1999;;xxx;;Lips;2OE;55A;29/07/99;Tear;Ambrosio;2C;20/09/68;Eye;2OE;52B;27/07/99;Ring;2OE;59A;14/08/99
259;Clip;2OE;63A;30/08/1999;;xxx;Gary, water;Swimming Pool;2OE;51D;21/07/99;Fire;2OE;-;25/09/99;Larry Godwin;2OE;17C;02/05/99;Lighter;Minsky;41A;02/08/70
260;Clip;2OE;67A;07/09/1999;;-;Try using lantern, mirror or Marissa's face;Lantern;Ambrosio;54;09/06/68;Pillow;2OE;73A;16/09/99;Ring;2OE;69B;08/09/99;Watch;2OE;17C;02/05/99
261;Secret1;2OE;67A;07/09/1999;;-;;;;;;;;;;;;;;;;;
262;Secret2;2OE;67A;07/09/1999;;-;Reverse of reverse;;;;;;;;;;;;;;;;
263;Secret3;2OE;67A;07/09/1999;;-;Reverse of reverse of reverse!;;;;;;;;;;;;;;;;
264;Clip;2OE;69B;08/09/1999;;xxx;;ID;2OE;55A;29/07/99;Boarding Pass;2OE;30;15/03/99;Card;2OE;74A;24/09/99;Pillar;Ambrosio;24D;17/10/68
265;Clip;2OE;73A;16/09/1999;;xxx;;Bag;2OE;27;15/03/99;Basket;2OE;55A;29/07/99;Pillow;2OE;67A;07/09/99;Phone;2OE;26B;18/05/99
266;Clip;2OE;74E;24/09/1999;;-;Short clip of Martini;Ring;2OE;67A;07/09/99;Glass;2OE;39B;18/06/99;Watch;2OE;17C;02/05/99;Clock;2OE;17C;02/05/99
267;Clip;2OE;74A;24/09/1999;;-;Amy, blood;Chandelier;2OE;35A;10/06/99;Card;Ambrosio;34C;13/08/68;Cocktail;Minsky;-;31/07/70;Blood;Minsky;-;21/07/70
268;Secret;2OE;74A;24/09/1999;;-;;;;;;;;;;;;;;;;;
269;Clip;2OE;-;25/09/1999;;-;What happened to Marissa Marcel;Fire;Minsky;17A;30/08/70;Lighter;Minsky;41A;02/08/70;Amy Archer;2OE;74A;24/09/99;Cigarette;Minsky;21A;20/08/70
270;Secret1;2OE;-;25/09/1999;;-;;;;;;;;;;;;;;;;;
271;Secret2;2OE;-;25/09/1999;;-;Reverse of reverse;;;;;;;;;;;;;;;;
272;Secret3;2OE;-;25/09/1999;;-;Reverse of reverse of reverse!;;;;;;;;;;;;;;;;
273;Secret;Ambrosio;-;-;;-;"""We tried to elevate humanity""";;;;;;;;;;;;;;;;
274;Secret;Ambrosio;-;-;;-;"""The Great War""";;;;;;;;;;;;;;;;
275;Secret;Ambrosio;-;-;;-;"""Man has mastered the surface of the planet""";;;;;;;;;;;;;;;;
276;Secret;Ambrosio;-;-;;-;"""When I woke the last time""";;;;;;;;;;;;;;;;
277;Secret;Ambrosio;-;-;;-;"""I found the 20th Century overwhelming""";;;;;;;;;;;;;;;;
278;Secret;Ambrosio;-;-;;-;"""I watched Robert and Sofia""";;;;;;;;;;;;;;;;
279;Secret;Ambrosio;-;-;;-;"""There's a chain""";;;;;;;;;;;;;;;;
280;Secret;Minsky;-;-;;-;"""Minsky""";;;;;;;;;;;;;;;;
281;Secret;Minsky;-;-;;-;"""The Other One came back in New York""";;;;;;;;;;;;;;;;
282;Secret;Minsky;-;-;;-;"""After I killed The Other One""";;;;;;;;;;;;;;;;
283;Secret;2OE;-;-;;-;"""I made some movies""";;;;;;;;;;;;;;;;
284;Secret;2OE;-;-;;-;"""Part of being human was Amy""";;;;;;;;;;;;;;;;
285;Secret;2OE;-;-;;-;"""Arthur Fischer was dying""";;;;;;;;;;;;;;;;
286;Secret;2OE;-;-;;-;"""I wanted Two Of Everything""";;;;;;;;;;;;;;;;
287;Secret;2OE;-;-;;-;"""What happened to The Other One was new""";;;;;;;;;;;;;;;;
288;Secret;-;-;-;;-;Ending starts (face shown through clips slots);;;;;;;;;;;;;;;;
289;Secret;-;-;-;;-;Ending;;;;;;;;;;;;;;;;
